﻿<?xml version="1.0" encoding="utf-8" ?>

<Defs>

  <FleshTypeDef>
    <defName>OG_Flesh_Chaos_Deamon</defName>
    <corpseCategory>CorpsesDeamon</corpseCategory>
    <wounds>
      <li>
        <texture>Things/Pawn/Wounds/WoundA</texture>
        <color>0.675,0,0.529</color>
      </li>
      <li>
        <texture>Things/Pawn/Wounds/WoundB</texture>
        <color>0.675,0,0.529</color>
      </li>
      <li>
        <texture>Things/Pawn/Wounds/WoundC</texture>
        <color>0.675,0,0.529</color>
      </li>
    </wounds>
  </FleshTypeDef>
  
  <FleshTypeDef ParentName="OG_Flesh_Construct_Base">
    <defName>OG_Flesh_Construct_Chaos</defName>
    <corpseCategory>CorpsesChaosConstruct</corpseCategory>
  </FleshTypeDef>
  
</Defs>
