<Defs>
	<WorkGiverDef>
		<defName>ScanCorpseAtEmitter</defName>
		<label>scan corpse at emitter</label>
		<giverClass>HoloEmitters.WorkGiver_ScanAtEmitter</giverClass>
		<workType>Hauling</workType>
		<verb>scan</verb>
		<gerund>scanning</gerund>
		<priorityInType>90</priorityInType>
		<requiredCapacities>
			<li>Manipulation</li>
		</requiredCapacities>
	</WorkGiverDef>
	
	<WorkGiverDef>
		<defName>LoadIntoEmitter</defName>
		<label>scan corpse at emitter</label>
		<giverClass>HoloEmitters.WorkGiver_LoadIntoEmitter</giverClass>
		<workType>Hauling</workType>
		<verb>booting</verb>
		<gerund>booting</gerund>
		<priorityInType>90</priorityInType>
		<requiredCapacities>
			<li>Manipulation</li>
		</requiredCapacities>
	</WorkGiverDef>

</Defs>